provider,league,name
api_football,B1,KVC Westerlo
api_football,B1,Lommel United
api_football,D1,1899 Hoffenheim
api_football,D2,SpVgg Greuther Fürth
api_football,E3,Accrington ST
api_football,F1,Estac Troyes
api_football,F1,Stade Brestois 29
api_football,F2,Clermont Foot
api_football,F2,RED Star FC 93
api_football,G1,Aris Thessalonikis
api_football,G1,Iraklis 1908
api_football,G1,OFI
api_football,I2,Vicenza Virtus
api_football,SC0,Dundee Utd
api_football,SC1,Ayr Utd
api_football,SC1,Queen's Park
api_football,SC2,Airdrie United
api_football,SC2,Alloa Athletic
api_football,SC2,Queen of the South
api_football,SC3,Elgin City
api_football,SC3,Forfar Athletic
api_football,SC3,Stirling Albion
api_football,SP2,Celta de Vigo II
api_football,SP2,Real Sociedad II
api_football,T1,Gençlerbirliği S.K.
api_football,T1,Kasımpaşa
